text,id,social,annotator,annotation_id,created_at,updated_at,lead_time
"TƯNG_BỪNG KHAI_TRƯƠNG CHUỖI CỬA_HÀNG ĐA TIỆN_ÍCH WIN Chuỗi 27 cửa_hàng đa tiện_ích WIN chính_thức ra_mắt người tiêu_dùng Việt ! ! ! Tọa_lạc tại các vị_trí đắc_địa ở Hà_Nội và TP. HCM , cửa_hàng WIN phục_vụ các nhu_cầu tiêu_dùng hàng ngày của người Việt như : Nhu yếu_phẩm ( WinMart + ) , dịch_vụ tài_chính ( Techcombank ) , dược_phẩm ( Dr._Win ) , chuỗi F & B ( Phúc_Long ) , dịch_vụ viễn_thông ( Reddi ) . Cửa_hàng WIN sở_hữu không_gian mua_sắm hiện_đại , giàu tính ứng_dụng với các màu_sắc trẻ_trung và tươi mới cùng các sản_phẩm và dịch_vụ đẳng_cấp ; hứa_hẹn sẽ đem đến những trải nghiệm mua_sắm toàn_diện và khác_biệt cho khách_hàng ! Cùng khám_phá cửa_hàng Đa tiện_ích WIN gần nhà mình & đăng_kí thành_viên WIN để tận_hưởng ưu_đãi đặc_quyền : * * * Hình_ảnh Không_khí lễ khai_trương tại 2 địa_điểm : Cửa_hàng New_City : Tầng Trệt Khu Thương_Mại_Tòa nhà Venice , KDC New_City , 17 Mai_Chí_Thọ , Phường Bình_Khánh , Quận 2 , Thành_phố Thủ_Đức và Cửa_hàng HAPULICO : Tầng 1 , tòa 17T4 , Tòa nhà Hapulico_Complex , Số 01 phố Nguyễn_Huy_Tưởng , phường Thanh_Xuân_Trung , quận Thanh_Xuân , thành_phố Hà_Nội WIN is all you need Trọn_Vẹn Điều Bạn Cần AN_TÂM MUA_SẮM CÙNG WINMART VÀ WINMART + TƯƠI NGON THƯỢNG_HẠNG Mua_sắm an_toàn tại siêu_thị WinMart & cửa_hàng WinMart + Mua_sắm tiện_lợi tại website Mua_sắm nhanh gọn với dịch_vụ Đi chợ hộ chi_tiết liên_hệ tổng_đài 024710 66866",42,khai_truong,1,43,2022-10-13T03:29:36.075500Z,2022-10-13T03:29:36.075500Z,3.841
"THANH_TOÁN BẰNG TECHCOMBANK TẠI WIN TIỆN HƠN TIỀN_MẶT – LỢI HƠN TIỀN_MẶT Bạn đã thử thanh_toán không tiền_mặt khi đi siêu_thị ? Trải nghiệm phương_thức thanh_toán mới_mẻ và nhận thật nhiều ưu_đãi dành riêng cho khách_hàng Techcombank là hội_viên WIN khi mua_sắm tại hệ_thống cửa_hàng WIN. Hoàn tiền 2 % cho hội_viên WIN thanh_toán qua các phương_thức thanh_toán của Techcombank Giảm thêm 50 % hóa đơn đầu_tiên tối_đa 100.000 đ cho hội_viên WIN lần đầu mở tài_khoản Techcombank bằng phương_thức eKYC Giảm ngay 50 % tối_đa 50.000 đ cho hóa_đơn khi đăng_ký là hội_viên WIN Thời_gian : từ ngày 27 / 09 / 2022 đến 31 / 12 / 2022 Còn chần_chừ gì nữa mà không đến ngay các cửa_hàng WIN để mua_sắm và tận_hưởng ưu_đãi khi thanh_toán không tiền_mặt qua Techcombank ! Truy_cập để xem chi_tiết chương_trình . * Áp_dụng theo điều_khoản , điều_kiện AN_TÂM MUA_SẮM CÙNG WINMART VÀ WINMART + TƯƠI NGON THƯỢNG_HẠNG Mua_sắm an_toàn tại siêu_thị WinMart & cửa_hàng WinMart + Mua_sắm tiện_lợi tại website hoặc Mua_sắm nhanh gọn với dịch_vụ Đi chợ hộ chi_tiết liên_hệ tổng_đài 024710 66866",41,quang_ba,1,42,2022-10-13T03:29:31.874612Z,2022-10-13T03:29:31.874612Z,18.164
"CÙNG VTV KHÁM_PHÁ NÔNG_TRƯỜNG RAU_SẠCH WINECO Hãy cùng phóng_viên VTV ghé thăm Nông_trường trồng rau_sạch công_nghệ_cao WinEco tại Hải_Phòng để khám_phá quy_trình trồng_trọt , chăm_sóc , thu_hoạch , đóng_gói và kiểm_định khép_kín trước khi đến tay người tiêu_dùng . Các sản_phẩm rau_sạch WinEco đảm_bảo không sử_dụng chất kích_thích sinh_trưởng , không thuốc bảo_vệ thực_vật ngoài danh_mục , không chất bảo_quản ! Đặc_biệt trên mỗi gói rau còn có một mã QR để truy_xuất thông_tin nguồn_gốc sản_phẩm nên nhà mình hoàn_toàn yên_tâm khi sử_dụng rau_sạch WinEco . Đối_với các nhà cung_cấp khác , WinMart / WinMart + luôn yêu_cầu cam_kết về chất_lượng hàng_hóa cùng Quy_trình kiểm_soát chất_lượng sản_phẩm , thẩm_định chặt_chẽ với nhiều bước . Nếu bất_cứ nhà cung_cấp rau hay sản_phẩm nào khác vi_phạm , không chỉ bị ngừng vĩnh_viễn việc giao_dịch mà WinMart / WinMart + có_thể gửi hồ_sơ cho cơ_quan có chức_năng tố_cáo để điều_tra và xử_lý nhằm đảm_bảo chất_lượng hàng_hóa tốt nhất đến tay người dùng . AN_TÂM MUA_SẮM CÙNG WINMART VÀ WINMART + TƯƠI NGON THƯỢNG_HẠNG Mua_sắm an_toàn tại siêu_thị WinMart & cửa_hàng WinMart + Mua_sắm tiện_lợi tại website Mua_sắm nhanh gọn với dịch_vụ Đi chợ hộ chi_tiết liên_hệ tổng_đài 024710 66866",40,khac,1,41,2022-10-13T03:29:13.366745Z,2022-10-13T03:29:13.366745Z,20.298
"[ MIỀN BẮC ] TRÁI NGON QUẢ NGỌT ƯU_ĐÃI NGÀY RẰM Chỉ còn ít ngày nữa là đến Rằm tháng 9 , mời các chị các mẹ đến với Siêu_thị WinMart và cửa_hàng WinMart + để chọn mua những loại trái_cây tươi ngon thượng_hạng , đẹp_đẽ nhất để chuẩn_bị dâng cúng ngày Rằm . Xoài keo vỏ mỏng , xanh , ruột vàng óng : chỉ 31.900 đ / kg Thanh_long ruột trắng tươi ngon , ngọt mát : chỉ 29.900 đ / kg Cherry đỏ Canada trái cứng , đỏ đậm quyến_rũ , vị đậm_đà : giá chỉ 539.900 đ / kg * áp_dụng tại Hà_Nội Đặc_biệt , siêu phẩm Táo Envy New_Zealand nữ_hoàng của những loại táo với lớp vỏ màu đỏ ruby quyến_rũ , căng mịn , giòn ngọt , giá rẻ ngỡ_ngàng : Táo Envy New_Zealand 90 110 : 149.900 đ / kg Táo Envy New_Zealand size to : 159.900 đ / kg Ưu_đãi áp_dụng từ nay đến hết 10.10 . Đến ngay WinMart và WinMart + để sắm_sửa trái ngon quả ngọt cho ngày Rằm , vừa tỏ bày tấm lòng vừa có thêm trái_cây dinh_dưỡng cho sức_khỏe cả gia_đình ! AN_TÂM MUA_SẮM CÙNG WINMART VÀ WINMART + TƯƠI NGON THƯỢNG_HẠNG Mua_sắm an_toàn tại siêu_thị WinMart & cửa_hàng WinMart + Mua_sắm tiện_lợi tại website Mua_sắm nhanh gọn với dịch_vụ Đi chợ hộ chi_tiết liên_hệ tổng_đài 024710 66866",39,quang_ba,1,40,2022-10-13T03:28:52.665459Z,2022-10-13T03:28:52.665459Z,10.943
"MẸ ĐÃ BIẾT TÃ QUẦN MERRIES GOOD SKIN CHƯA ? Đây là một sản_phẩm từ nhãn_hiệu tã Merries nổi_tiếng , Merries Good_Skin với CHUẨN 3 SIÊU : SIÊU THẤM GẤP 5 LẦN : thấm hút siêu nhanh , lượng lớn chất_lỏng tương_đương 5 lần bé tè ( cỡ M : 40 ml / lần ; cỡ L : 50 ml / lần ; cỡ XL : 60 ml / lần ; cỡ XXL : 70 ml / lần ) . Khóa chất_lỏng tức_thì nhờ công_nghệ Lock Pee_giữ da bé luôn khô thoáng dù ngày hay đêm . SIÊU MỀM MỊN : với công_nghệ_đệm khí siêu mềm cao_cấp và bề_mặt tiếp_xúc điểm xốp mịn , giúp nâng_niu làn da mỏng_manh của bé . SIÊU THOÁNG_KHÍ : với thiết_kế màng đáy thoát hơi ẩm và khí nóng ra ngoài mà không gây tràn tã , cho bé yêu thật thoải_mái khi mặc . Mà đặc_biệt đang có chương_trình khuyến_mãi siêu hấp_dẫn : Giảm ngay 25 % từ 333.900 đ > 251.000 đ Chương_trình áp_dụng cho tất_cả sản_phẩm tã quần Merries GoodSkin ( size M L XL XXL ) diễn ra từ 28 / 9 / 2022 > 12 / 10 / 0222 tại siêu_thị WINMART Toàn_Quốc . AN_TÂM MUA_SẮM CÙNG WINMART VÀ WINMART + TƯƠI NGON THƯỢNG_HẠNG Mua_sắm an_toàn tại siêu_thị WinMart & cửa_hàng WinMart + Mua_sắm tiện_lợi tại website Mua_sắm nhanh gọn với dịch_vụ Đi chợ hộ chi_tiết liên_hệ tổng_đài 024710 66866",38,quang_ba,1,39,2022-10-13T03:28:41.360361Z,2022-10-13T03:28:41.360361Z,60.982
"THIÊN_ĐƯỜNG NGUYÊN_LIỆU LÀM BÁNH Hội chị_em ' khéo_tay hay làm ' , đặc_biệt là các tín_đồ làm bánh không_thể bỏ lỡ ưu_đãi từ_thiên_đường Nguyên_liệu làm bánh , chất_lượng hảo_hạng mà giá rẻ ngỡ_ngàng từ các siêu_thị WinMart . Đủ loại bột , bơ , trứng , sữa thơm_nức cho món bánh_khoái_khẩu của cả nhà . Còn gì tuyệt_vời hơn dịp cuối tuần này các thành_viên cùng vào bếp làm bánh gắn_kết thêm yêu_thương phải không . Có nguyên_liệu trong tay , ' trổ_tài ' ngay thôi ! Ưu_đãi áp_dụng đến 12 / 10 / 2022 . AN_TÂM MUA_SẮM CÙNG WINMART VÀ WINMART + TƯƠI NGON THƯỢNG_HẠNG Mua_sắm an_toàn tại siêu_thị WinMart & cửa_hàng WinMart + Mua_sắm tiện_lợi tại website Mua_sắm nhanh gọn với dịch_vụ Đi chợ hộ chi_tiết liên_hệ tổng_đài 024710 66866",37,quang_ba,1,38,2022-10-13T03:27:40.033292Z,2022-10-13T03:27:40.033292Z,8.308
"WINCOMMERCE CAM_KẾT BÌNH_ỔN GIÁ PHỤC_VỤ NHU_CẦU MUA_SẮM TĂNG CAO DỊP CUỐI NĂM Thị_trường bán_lẻ đã sôi_nổi dần trở_lại sau 2 năm gián_đoạn vì đại_dịch . Sức_mua cũng như sự đa_dạng trong giỏ hàng của người tiêu_dùng là những tín_hiệu đáng mừng cho sự phục_hồi của ngành dịch_vụ bán_lẻ Dự_đoán nhu_cầu mua_sắm tăng cao dịp cuối năm , Bà Nguyễn_Thị_Phương Phó_Tổng_Giám_đốc công_ty WinCommerce cho biết doanh_nghiệp đã chủ_động thống_kê các mặt_hàng có sức_mua tăng , làm_việc với nhà cung_cấp để bình_ổn giá sản_phẩm cũng như duy_trì các chương_trình khuyến_mãi , ưu_đãi để đem đến quyền_lợi cho khách_hàng cũng như thúc_đẩy tiêu_dùng dịp cuối năm . Xem thêm tại phóng_sự do VTV thực_hiện . AN_TÂM MUA_SẮM CÙNG WINMART VÀ WINMART + TƯƠI NGON THƯỢNG_HẠNG Mua_sắm an_toàn tại siêu_thị WinMart & cửa_hàng WinMart + Mua_sắm tiện_lợi tại website Mua_sắm nhanh gọn với dịch_vụ Đi chợ hộ chi_tiết liên_hệ tổng_đài 024710 66866",36,khac,1,37,2022-10-13T03:27:31.331937Z,2022-10-13T03:27:31.331937Z,8.112
"RỘN_RÀNG LỄ_HỘI HÀN QUỐC 500 anh_em tín_đồ ẩm_thực Hàn_Quốc không_thể bỏ lỡ Lễ_Hội Hàn_Quốc hot_hit tại siêu_thị WinMart với các sản_phẩm xịn sò ' chuẩn Hàn ' mà giá lại vô_cùng ' hạt_dẻ ' . Điểm_danh ngay các sản_phẩm hot_nhất tại Lễ_Hội Hàn_Quốc : Lê Hàn_Quốc quả to , ngọt , mọng nước : chỉ 109.900 đ / kg Đủ loại rong biển ăn_liền , rong biển cuộn cơm , rong biển khô nấu canh Thiên_đường các loại gia_vị cho món Hàn tại nhà đậm_đà chuẩn vị như sốt ướp thịt , sốt tokbokki , sốt gà rán Giải_nhiệt với nước_gạo Hàn_Quốc và sữa hạt quốc dân Tag ngay hội chị_em để đến WinMart gần nhà tưng_bừng tham_gia Lễ_Hội Hàn_Quốc thôi . Chương_trình áp_dụng đến hết 30.10 tại các siêu_thị WinMart miền Bắc và miền Nam AN_TÂM MUA_SẮM CÙNG WINMART VÀ WINMART + TƯƠI NGON THƯỢNG_HẠNG Mua_sắm an_toàn tại siêu_thị WinMart & cửa_hàng WinMart + Mua_sắm tiện_lợi tại website Mua_sắm nhanh gọn với dịch_vụ Đi chợ hộ chi_tiết liên_hệ tổng_đài 024710 66866",35,quang_ba,1,36,2022-10-13T03:27:22.877388Z,2022-10-13T03:27:22.877388Z,7.556
"BỮA SÁNG TIỆN_LỢI , BÉ VUI ĐẾN TRƯỜNG Ngày mới bận_rộn , hãy để WinMart gợi_ý cho mẹ bữa sáng nhanh gọn , đầy_đủ dinh_dưỡng cho bé yêu nhà mình ! Toàn những món ăn khoái_khẩu đảm_bảo bé nào cũng mê_mẩn , ăn hết veo ! Các sản_phẩm đều từ các thương_hiệu uy_tín , giá cực yêu_thương , cung_cấp năng_lượng , vitamin và khoáng_chất để bé khởi_đầu ngày mới năng_động và luôn sẵn_sàng cho mọi hoạt_động học_tập và vui_chơi ! Gía ưu_đãi áp_dụng đến 12 / 10 / 2022 , các mẹ mau mau ghé Siêu_thị WinMart gần nhà tích_trữ sẵn đồ ăn sáng thơm ngon , bổ_dưỡng cho bé nhà mình thôi nào ! AN_TÂM MUA_SẮM CÙNG WINMART VÀ WINMART + TƯƠI NGON THƯỢNG_HẠNG Mua_sắm an_toàn tại siêu_thị WinMart & cửa_hàng WinMart + Mua_sắm tiện_lợi tại website Mua_sắm nhanh gọn với dịch_vụ Đi chợ hộ chi_tiết liên_hệ tổng_đài 024710 66866",34,quang_ba,1,35,2022-10-13T03:27:14.975930Z,2022-10-13T03:27:14.975930Z,21.133
"[ HÀNG TƯƠI GIÁ TỐT ] GÀ ĐA MÓN MEATDELI THÍCH GÌ NẤU NẤY NGON , TIỆN BIẾT MẤY Gà đa món MEATDeli là sự lựa_chọn tiện_lợi hàng_đầu dành cho chị_em bận_rộn , giúp dễ_dàng biến_tấu đủ món ngon chỉ trong một lần lựa_chọn ! Thịt gà sạch , đảm_bảo 100 % tươi ngon Phần thịt gà mềm ngon , cắt mảnh sẵn thành miếng vừa ăn Cân chỉnh hài_hòa giữa các phần thịt , xương và da Gía siêu tốt chỉ 69,900 đ / kg Với Gà sạch đa món MEATDeli , cả nhà có_thể làm đủ món kho , chiên , hầm , nấu canh Hàng tươi giá tốt , tức_tốc mua ngay các chị , các mẹ ơi ! ! ! AN_TÂM MUA_SẮM CÙNG WINMART VÀ WINMART + TƯƠI NGON THƯỢNG_HẠNG Mua_sắm an_toàn tại siêu_thị WinMart & cửa_hàng WinMart + Mua_sắm tiện_lợi tại website Mua_sắm nhanh gọn với dịch_vụ Đi chợ hộ chi_tiết liên_hệ tổng_đài 024710 66866",33,quang_ba,1,34,2022-10-13T03:26:53.497229Z,2022-10-13T03:26:53.497229Z,12.575
"[ CẨM_NANG MUA_SẮM 13 / 10 02 / 11 ] DEAL NGỌT_NGÀO GỬI NGƯỜI PHỤ_NỮ TÔI YÊU Tháng 10 mừng ngày Phụ_nữ Việt_Nam , WinMart dành tặng hàng ngàn ưu_đãi cực xịn và quà tặng cực xinh đến một nửa phái_đẹp . Những chương_trình khuyến_mãi hàng chất_lượng , giá ưu_đãi chính là món quà mà WinMart thay lời tri ân gửi đến những người chị , người mẹ , người bà những người Phụ_nữ trân quý , những khách_hàng yêu_mến của WinMart : Lễ_hội đồ uống chăm_sóc sức_khỏe và vẻ đẹp cho gia_đình đặc_biệt là các chị_em Siêu ưu_đãi các mặt_hàng thực_phẩm khô , gia_vị thiết_yếu không_thể thiếu trong căn bếp nhà mình WinMart hàng tốt giá hời nhà_nhà yêu thích Tưng_bừng với các mặt_hàng xịn sò chuẩn Hàn_Chào ngày 20 / 10 với lễ_hội , cơ_hội tốt nhất trong năm để rinh về các sản_phẩm mỹ_phẩm , chăm_sóc cá_nhân sang xịn mịn và giá yêu_thương từ WinMart . . và còn rất nhiều hoạt_động hấp_dẫn khác trong tháng 10 tháng của nàng ! AN_TÂM MUA_SẮM CÙNG WINMART VÀ WINMART + TƯƠI NGON THƯỢNG_HẠNG Mua_sắm an_toàn tại siêu_thị WinMart & cửa_hàng WinMart + Mua_sắm tiện_lợi tại website Mua_sắm nhanh gọn với dịch_vụ Đi chợ hộ chi_tiết liên_hệ tổng_đài 024710 66866",32,khuyen_mai,1,33,2022-10-13T03:26:40.537325Z,2022-10-13T03:26:40.538329Z,23.933
"TRÁI NGON GIÁ NGỌT Mở tiệc trái_cây linh_đình , bổ_sung vitamin cho cả gia_đình với thiên_đường trái_cây TƯƠI NGON THƯỢNG_HẠNG từ WinMart thôi cả nhà ơi ! ! ! Từ trái_cây nhập_khẩu đến trái_cây_trồng trong nước đều ngon_ngọt , tươi_rói và đặc_biệt là giá cũng ngọt_ngào không kém : Lê Hàn_Quốc : 109.900 đ / kg ( giá cũ : 149.900 đ / kg ) Kiwi xanh New_Zealand : 126.900 đ / kg ( giá cũ : 135.900 đ / kg ) * áp_dụng tại miền Bắc Đu_đủ ruột đỏ : 19.900 đ / kg ( giá cũ : 26.500 đ / kg ) * áp_dụng tại miền Bắc Táo Rockit New_Zealand : 119.900 đ / hộp ( giá cũ : 138.000 đ / kg ) * áp_dụng tại miền Bắc Chuối Dole : 31.900 đ / kg ( giá cũ : 36.900 đ / kg ) * áp_dụng tại miền Nam Dưa_hấu không hạt : giá chỉ từ 20.900 đ / kg * áp_dụng tại miền Trung , Nam_Ăn trái_cây vừa ngon_miệng mà_lại còn dồi_dào chất dinh_dưỡng , vitamin , tăng đề_kháng khỏe cho cả nhà . Đến ngay WinMart để chọn Trái_ngon , giá ngọt thôi cả nhà ơi ! AN_TÂM MUA_SẮM CÙNG WINMART VÀ WINMART + TƯƠI NGON THƯỢNG_HẠNG Mua_sắm an_toàn tại siêu_thị WinMart & cửa_hàng WinMart + Mua_sắm tiện_lợi tại website Mua_sắm nhanh gọn với dịch_vụ Đi chợ hộ chi_tiết liên_hệ tổng_đài 024710 66866",31,quang_ba,1,32,2022-10-13T03:26:16.257325Z,2022-10-13T03:26:16.257325Z,10.591
"RĂNG SẠCH TOÀN_DIỆN ƯU_ĐÃI TIẾT_KIỆM Cùng OralClean và Siêu_thị WinMart chăm_sóc răng miệng và nụ cười trắng chuẩn tự_nhiên cho cả gia_đình nhé ! Với ưu_đãi SIÊU TIẾT_KIỆM và QUÀ TẶNG hấp_dẫn , rinh ngay kem đánh răng và bàn_chải đánh răng chuyên_sâu từ OralClean , phù_hợp với từng thành_viên trong gia_đình : Kem đánh răng Oral Clean vitamin sáng trắng 100ml : 49.000 đ / hộp ( giá cũ : 69.000 đ / hộp ) Kem đánh răng Oral Clean trẻ_em Tutti Fruitti : 47.000 đ / hộp ( giá cũ : 59.000 đ / hộp ) Bàn_chải đánh răng Oral B trà đen / trà xanh vỉ 1 chiếc : 29.000 đ / gói ( giá cũ : 34.500 đ / gói ) Bàn_chải đánh răng Oral Clean spiral carbon gold : 55.000 đ / cái ( 67.800 đ / cái ) * tặng kèm 2 nắp đậy trị_giá 15.000 đ Bàn_chải đánh răng OralClean Royal / Fomular kids soft : 42.000 đ / cái ( giá cũ : 52.000 đ / cái ) * tặng đồng_hồ trị_giá 30.000 đ Ưu_đãi áp_dụng tại các siêu_thị WinMart trên toàn_quốc từ nay đến hết 12 / 10 / 2022 . AN_TÂM MUA_SẮM CÙNG WINMART VÀ WINMART + TƯƠI NGON THƯỢNG_HẠNG Mua_sắm an_toàn tại siêu_thị WinMart & cửa_hàng WinMart + Mua_sắm tiện_lợi tại website Mua_sắm nhanh gọn với dịch_vụ Đi chợ hộ chi_tiết liên_hệ tổng_đài 024710 66866",30,quang_ba,1,31,2022-10-13T03:26:05.322915Z,2022-10-13T03:26:05.322915Z,10.773
"CHƯƠNG_TRÌNH HÀNG TƯƠI GIÁ TỐT CAM_KẾT HÀNG CHẤT_LƯỢNG , GIÁ BÌNH_ỔN CỦA WINMART TỚI NGƯỜI TIÊU_DÙNG VIỆT Là một trong những Công_ty bán_lẻ hàng_đầu tại Việt_Nam , hệ_thống WinMart không chỉ là nguồn cung hàng_hóa tươi ngon thượng_hạng , dồi_dào , đa_dạng , đáp_ứng nhu_cầu của khách_hàng mà hệ_thống còn luôn phối_hợp với các nhà cung_cấp đem đến chương_trình ưu_đãi với mức giảm lên đến 40 % . Theo đó , khách_hàng mua_sắm tại WinMart toàn_quốc từ nay tới 31 / 12 / 2022 có_thể lựa_chọn các mặt_hàng thiết_yếu , thực_phẩm tươi_sống , thực_phẩm khô , sản_phẩm chăm_sóc cá_nhân và gia_đình chất_lượng với mức giá rẻ nhất ! Chương_trình HÀNG TƯƠI GIÁ TỐT với những mặt_hàng thiết_yếu có mức giá rất tốt so với các sản_phẩm cùng phân khúc trên thị_trường là nỗ_lực của WinMart để đem đến những sản_phẩm và giá_trị tốt nhất cho các khách_hàng thân_yêu ! Cùng đến siêu_thị WinMart gần nhà để chốt đơn ngay các sản_phẩm cho cả gia_đình nào ! AN_TÂM MUA_SẮM CÙNG WINMART VÀ WINMART + TƯƠI NGON THƯỢNG_HẠNG Mua_sắm an_toàn tại siêu_thị WinMart & cửa_hàng WinMart + Mua_sắm tiện_lợi tại website Mua_sắm nhanh gọn với dịch_vụ Đi chợ hộ chi_tiết liên_hệ tổng_đài 024710 66866",29,quang_ba,1,30,2022-10-13T03:25:54.189486Z,2022-10-13T03:25:54.189486Z,26.303
"CHẤT MEN ĐỈNH_CAO BIA HOT GIÁ HỜI Hương_vị mượt_mà , dễ uống cùng mùi thơm đặc_trưng hoàn_toàn khác_biệt của Vua của các loại bia đã chiếm được sự yêu thích của người dùng không chỉ ở Mỹ mà trên toàn thế_giới trong đó có Việt_Nam ! Bia_Budweiser được tạo nên bằng cách lên_men mạch_nha , hoa bia trải qua quá_trình ủ đến hơn 30 ngày . Trải nghiệm ngay hương_vị thượng_hạng mượt êm chất bia với mức giá ưu_đãi khủng tại Siêu_thị WinMart : Bia_Budweiser 500ml : 28.200 đ / lon ( giá cũ : 30.200 đ / lon ) 158.600 đ / lốc 6 ( giá cũ : 180.800 đ / lốc 6 ) 315.400 đ / thùng ( giá cũ : 359.800 đ / thùng ) Ưu_đãi áp_dụng trên toàn_quốc đến hết ngày 12 / 10 . Budweiser Bia chính_thức của FIFA World_Cup 2022 . AN_TÂM MUA_SẮM CÙNG WINMART VÀ WINMART + TƯƠI NGON THƯỢNG_HẠNG Mua_sắm an_toàn tại siêu_thị WinMart & cửa_hàng WinMart + Mua_sắm tiện_lợi tại website Mua_sắm nhanh gọn với dịch_vụ Đi chợ hộ chi_tiết liên_hệ tổng_đài 024710 66866",28,quang_ba,1,29,2022-10-13T03:25:10.976455Z,2022-10-13T03:25:10.976455Z,7.618
"ƯU_ĐÃI RẠNG NGỜI QUÀ TẶNG HẤP_DẪN Chương_trình khuyến_mãi siêu to khổng_lồ từ NIVEA thương_hiệu toàn_cầu có nguồn_gốc lâu_đời từ Đức với lịch_sử hơn 100 năm ! NIVEA là nhãn_hiệu của niềm tin , sự thân_thiện và sản_phẩm_chất_lượng cho mọi loại da và mọi đối_tượng . Tháng 10 này NIVEA đem đến ưu_đãi giá giảm với rất nhiều mặt_hàng chăm_sóc da thân_thiện , hiệu_quả từ sữa rửa mặt , nước_hoa_hồng , nước tẩy_trang , sữa dưỡng thể cho làn da luôn đẹp tự_tin , rạng ngời . Đặc_biệt , ưu_đãi độc_quyền tại WinMart : TẶNG SỮA TẮM 750ML cho mọi hóa_đơn 209.000 đ sản_phẩm NIVEA * * trong đó có 1 sữa dưỡng thể , sữa rửa mặt nữ hoặc 1 nước tẩy_trang * không áp_dụng các sản_phẩm đang có CTKM Thương_hiệu hàng_đầu , thấu_hiểu làn da lại thêm quà giá_trị , tới ngay siêu_thị WinMart gần nhất để rinh trọn deal tốt từ NIVEA thôi cả nhà ơi ! Chương_trình áp_dụng từ nay đến 12 / 10 / 2022 . AN_TÂM MUA_SẮM CÙNG WINMART VÀ WINMART + TƯƠI NGON THƯỢNG_HẠNG Mua_sắm an_toàn tại siêu_thị WinMart & cửa_hàng WinMart + Mua_sắm tiện_lợi tại website Mua_sắm nhanh gọn với dịch_vụ Đi chợ hộ chi_tiết liên_hệ tổng_đài 024710 66866",27,khuyen_mai,1,28,2022-10-13T03:25:03.024650Z,2022-10-13T03:25:03.024650Z,10.975
"KHĂN GIẤY CAO_CẤP MỀM MỊN CHO DA Chọn mua khăn giấy cũng cần phải có bí_quyết sao ? Có đấy nha ! Để WinMart mách bạn vài mẹo nhỏ sau để chọn được những loại khăn giấy mềm mịn , an_toàn khi sử_dụng : Chọn khăn giấy không mùi : Vì những sản_phẩm khăn giấy có mùi thơm có_thể chứa hóa_chất , chất tạo mùi dễ gây kích_ứng cho da Chọn mua khăn giấy khô có xuất_xứ rõ_ràng , nhãn_hiệu tin_cậy : Khăn giấy tốt cần đáp_ứng đủ các tiêu_chí sau : được các tổ_chức uy_tín kiểm_tra và chứng_nhận sản_phẩm_chất_lượng , an_toàn cho sức_khỏe , có thông_tin chi_tiết về xuất_xứ Đặc_biệt , không mua khăn giấy với bao_bì không nguyên_vẹn . Vì nếu để ở môi_trường bên ngoài lâu , tiếp_xúc với các đồ_vật xung_quanh , khăn giấy sẽ dễ bị nhiễm_khuẩn . An_tâm chọn mua các loại khăn giấy chất_lượng , giá phải_chăng lại thêm ưu_đãi cực tiết_kiệm tại siêu_thị WinMart ! Ưu_đãi các sản_phẩm khăn giấy cao_cấp áp_dụng từ nay đến hết 12 / 09 trên toàn_quốc . AN_TÂM MUA_SẮM CÙNG WINMART VÀ WINMART + TƯƠI NGON THƯỢNG_HẠNG Mua_sắm an_toàn tại siêu_thị WinMart & cửa_hàng WinMart + Mua_sắm tiện_lợi tại website Mua_sắm nhanh gọn với dịch_vụ Đi chợ hộ chi_tiết liên_hệ tổng_đài 024710 66866",26,quang_ba,1,27,2022-10-13T03:24:51.703272Z,2022-10-13T03:24:51.703272Z,26.787
RINH DEAL RỦNG_RỈNH TỪ P & G Ting ting hai tiếng ' thân_thương ' báo_hiệu lương về ! ! ! Vậy còn chần_chừ gì mà không đến WinMart thả ga mua_sắm & rinh ưu_đãi ' hot_hit ' với các sản_phẩm không_thể thiếu trong tủ đồ chăm_sóc cá_nhân từ P & G : Dầu_gội Pantene ngăn rụng tóc / mượt_mà óng_ả / chăm_sóc hư tổn 650g : 125.000 đ / chai ( giá cũ : 154.000 đ / chai ) Dầu_gội Head & Shoulder bạc_hà / da đầu ngứa 850ml : 189.000 đ / chai ( giá cũ : 228.000 đ / chai ) Nước rửa tay Safeguard trắng / chanh : 61.900 đ / chai ( giá cũ : 73.000 đ / chai ) Bọt cạo râu Gillette hương chanh / bạc_hà 175g : 74.900 đ / chai ( giá cũ : 85.000 đ / chai ) Dao_cạo râu Gillette Blue II gói 8 + 2 : 64.000 đ / cái ( giá cũ : 76.900 đ / cái ) Dao cao râu Gillette Blue II flexi 5 + 2 7 * 12 * 20 : 45.000 đ / bộ ( giá cũ : 50.000 đ / bộ ) Ưu_đãi áp_dụng từ nay đến 12 / 10 tại các siêu_thị WinMart toàn_quốc ! & G & Shoulder AN_TÂM MUA_SẮM CÙNG WINMART VÀ WINMART + TƯƠI NGON THƯỢNG_HẠNG Mua_sắm an_toàn tại siêu_thị WinMart & cửa_hàng WinMart + Mua_sắm tiện_lợi tại website Mua_sắm nhanh gọn với dịch_vụ Đi chợ hộ chi_tiết liên_hệ tổng_đài 024710 66866,25,khuyen_mai,1,26,2022-10-13T03:24:24.565128Z,2022-10-13T03:24:24.565128Z,18.609
"BÍ_QUYẾT ' VÀNG ' CHO LÀN DA NÀNG ĐẸP TỰ_TIN RẠNG_RỠ Làn da hoàn_hảo , hồng_hào , rạng_rỡ , không khiếm_khuyết luôn là mong_ước của nhiều chị_em phụ_nữ . Cùng tham_khảo các bí_quyết dưới đây để cùng WinMart hiện_thực_hóa_làn da đẹp không tì_vết : 1 . Tẩy_trang hàng ngày để có làn da đẹp Làn da đẹp tự_nhiên phải là làn da sạch_sẽ , khỏe_mạnh , không bị mụn và các dấu_hiệu lão_hóa . Tẩy_trang làm sạch da là bước quan_trọng không_thể thiếu hàng ngày , giúp da thông_thoáng , sạch_sẽ hơn . 2 . Chống nắng cho da đẹp tự_nhiên Có_thể nói , tia UV là nguyên_nhân hàng_đầu phá_hủy_làn da , gây ra các tình_trạng nám da , tàn_nhang , xỉn màu , … Sử_dụng kem chống nắng và các biện_pháp_bảo_vệ là cần_thiết , nhất_là khi bạn phải tiếp_xúc thường_xuyên trực_tiếp hay gián_tiếp với ánh nắng . 3 . Ăn_uống lành_mạnh Chế_độ ăn_uống hàng ngày cũng là yếu_tố cần kiểm_soát để nuôi_dưỡng làn da đẹp tự_nhiên từ bên trong . Nên bổ_sung nhiều loại rau xanh , trái_cây tươi sạch để cung_cấp Vitamin và khoáng_chất tốt cho làn da . 4 . Tập_thể_dục cho da đẹp tự_nhiên Tập_luyện thể_dục thường_xuyên giúp tăng_cường sự dẻo_dai cho cơ_thể và giúp da đẹp tự_nhiên . Các hoạt_động như đi bộ , chạy bộ và yoga sẽ làm tăng tuần_hoàn máu và thúc_đẩy quá_trình thanh_lọc cơ_thể , cho làn da rạng_rỡ hơn 5 . Ngủ đủ giấc Giấc_ngủ đều_đặn , đủ giấc và chất_lượng giấc_ngủ tốt cũng là yếu_tố giúp làn da_khỏe_mạnh , tươi_tắn . Nên tập thói_quen ngủ mỗi ngày đủ 8 tiếng , đi ngủ sớm trước 11 giờ đêm và sử_dụng các sản_phẩm chăm_sóc da chuyên_sâu . AN_TÂM MUA_SẮM CÙNG WINMART VÀ WINMART + TƯƠI NGON THƯỢNG_HẠNG Mua_sắm an_toàn tại siêu_thị WinMart & cửa_hàng WinMart + Mua_sắm tiện_lợi tại website Mua_sắm nhanh gọn với dịch_vụ Đi chợ hộ chi_tiết liên_hệ tổng_đài 024710 66866",24,khac,1,25,2022-10-13T03:24:05.594124Z,2022-10-13T03:24:05.594124Z,20.795
"BÍ_QUYẾT ĐẸP CHUẨN NHẬT TỪ SENKA Không cần sản_phẩm xa_xỉ hay các phương_pháp làm_đẹp phức_tạp , có Senka quy_trình dưỡng da của bạn sẽ trở_nên đơn_giản nhưng vô_cùng hiệu_quả . Chọn ngay SENKA đồng_hành cho vẻ đẹp tự_nhiên , khỏe_khoắn và rạng ngời , đẹp chuẩn Nhật cùng ưu_đãi hấp_dẫn tại siêu_thị WinMart nhân tháng của phái_đẹp : Nước tẩy_trang Micellar Senka A. L. L Clear Water Fresh 230ml : 86.900 đ / chai ( giá cũ : 109.000 đ / chai ) Sữa rửa mặt Perfect_Whip dành cho da mụn 100g : 87.900 đ / tuýp ( giá cũ : 105.000 đ / tuýp ) Sữa rửa mặt Senka Perfect WhiteClay120g : 91.900 đ / tuýp ( giá cũ : 109.000 đ / tuýp ) Mặt_nạ Senka ExtraWhite / Bouncy_Moist / Bouncy Bright 25ml : 29.900 đ / gói ( giá cũ : 34.000 đ / gói ) Gel chống nắng Senka UV 80g : 159.000 đ / chai ( giá cũ : 199.000 đ / chai ) Ưu_đãi áp_dụng tại các siêu_thị WinMart trên toàn_quốc từ nay đến 12 / 10 ! AN_TÂM MUA_SẮM CÙNG WINMART VÀ WINMART + TƯƠI NGON THƯỢNG_HẠNG Mua_sắm an_toàn tại siêu_thị WinMart & cửa_hàng WinMart + Mua_sắm tiện_lợi tại website Mua_sắm nhanh gọn với dịch_vụ Đi chợ hộ chi_tiết liên_hệ tổng_đài 024710 66866",23,quang_ba,1,24,2022-10-13T03:23:44.438856Z,2022-10-13T03:23:44.438856Z,10.772
"CHÀO THÁNG 10 SANG ƯU_ĐÃI RỘN_RÀNG Chào tháng mới với ưu_đãi mới chồng_chất , mua càng nhiều , ưu_đãi càng lớn ! Xem ngay CẨM_NANG MUA_SẮM từ 29 / 09 12 / 10 để không bỏ lỡ những sản_phẩm tươi ngon thượng_hạng , chất_lượng xịn sò với mức giá rẻ ngỡ_ngàng tại các siêu_thị WinMart toàn_quốc ! Có gì hot ? ? ? Lễ_hội Hàn_Quốc với các sản_phẩm từ xứ_sở Kim chi ' chuẩn đét ' ' Vào bếp cùng bạn ' ưu_đãi siêu to khổng_lồ các sản_phẩm thực_phẩm khô , gia_vị , nguyên_liệu chế_biến món ăn hội chị_em ' yêu bếp ' chắc_chắn không_thể bỏ lỡ Rạng ngời phái_đẹp với các chương_trình khuyến_mại , quà tặng từ những nhãn hàng nổi_tiếng chăm_sóc_vẻ đẹp của một nửa thế_giới và còn hàng trăm ưu_đãi khác đang chờ đón cả nhà khám_phá tại Siêu_thị WinMart gần nhà mình ! AN_TÂM MUA_SẮM CÙNG WINMART VÀ WINMART + TƯƠI NGON THƯỢNG_HẠNG Mua_sắm an_toàn tại siêu_thị WinMart & cửa_hàng WinMart + Mua_sắm tiện_lợi tại website hoặc Mua_sắm nhanh gọn với dịch_vụ Đi chợ hộ chi_tiết liên_hệ tổng_đài 024710 66866",22,quang_ba,1,23,2022-10-13T03:23:33.303097Z,2022-10-13T03:23:33.303097Z,15.782
"Trăm nghe không bằng ăn thử , Khô gà bơ tỏi Ponnie thơm ngon mời bạn ăn nha ! Sợi khô gà bóng mượt vàng ươm , hời ơi , giòn_rụm siêu ngon luôn . Ngồi học , ngồi làm , ngồi tám chuyện mà có món này thì dính khỏi phải nói . Đặc_biệt , giá giới_thiệu cho món khô gà bơ tỏi Ponnie CHỈ 20K . Áp_dụng tại cửa_hàng Circle_K trên toàn_quốc từ ngày 01.9.2022 05.10.2022 . Tới Circle_K để thử ngay nha ! ! ! Đường vào vũ_trụ “ Very tiện , Very_lợi ” luôn rộng_mở chào_đón các bạn gia_nhập . Nhấn vào link dưới này nè người ơi !",21,quang_ba,1,22,2022-10-13T03:23:17.180077Z,2022-10-13T03:23:17.181073Z,6.756
"Bíp … bíp … bỏ_túi ngay ưu_đãi từ Zalopay Nhận ngay voucher 10K cho hóa đơn 40K khi thanh_toán tại Circle K. Chi_tiết chương_trình : Mỗi khách_hàng được nhận 1 lần ưu_đãi trong suốt chương_trình . Cách nhận ưu_đãi : quét mã QR tại quầy thanh_toán để nhận voucher vào ví . Khi thanh_toán bạn bấm chọn voucher để được hưởng ưu_đãi . Chương_trình áp_dụng từ 01.9 – 30.9.2022 tại cửa_hàng Circle_K trên toàn_quốc . Đến Circle_K để hưởng ngay ưu_đãi nha ! Hãy nhanh tay tải app thành_viên CK Club để là một tín_đồ sành_sỏi mọi bí kíp cho cuộc_sống Very tiện , Very lợi thời 4.0 nha , link đây :",20,khuyen_mai,1,21,2022-10-13T03:23:10.079223Z,2022-10-13T03:23:10.079223Z,11.597
"[ MINIGAME ] CHƠI GAME HAY , NHẬN NGAY QUÀ ĐỘC Câu hỏi dễ quá phải hông cả nhà ? Các fan Circle_K chần_chờ gì mà không nhanh tay , điền ngay đáp_án đúng để nhận bộ quà tặng cực chất đến từ Monster_Energy . Chỉ với 03 bước đơn_giản cực đơn_giản : Bước 1 : Like & share bài viết ở chế_độ công_khai với hashtag Bước 2 : Comment đáp_án đúng và con_số may_mắn ( 0 999 ) Bước 3 : Tag 2 người bạn cùng tham_gia . Thời_gian chương_trình : 18.9.2022 đến ngày 23.9.2022 Kết_quả sẽ được công_bố vào ngày : 26.9.2022 tại phần comment của bài viết . Phần_thưởng là 10 thùng thính dành cho 10 bạn có câu trả_lời đúng , hoàn_thành đủ 03 bước theo quy_định và may_mắn nhất . Lưu_ý : Không chấp_nhận comment đã qua chỉnh_sửa . Nếu số may_mắn trúng thưởng giống nhau , người được chọn là người comment sớm nhất . Trong mọi trường_hợp xảy ra , quyết_định cuối_cùng thuộc về Circle K. Ngoài_ra , cả nhà hãy đến ngay cửa_hàng tiện_lợi Circle_K để mua nước tăng lực Monster Energy x PUBG Mobile và tham_gia chương_trình trúng thưởng 100 % khi quét mã QR dưới khoen lon . Truy_cập để tìm_hiểu thêm tại : Nhanh tay gia_nhập vũ_trụ “ Very tiện , Very_lợi ” để tận_hưởng những đặc_quyền và hot_deal dành riêng cho bạn nha .",19,khac,1,20,2022-10-13T03:22:58.142468Z,2022-10-13T03:22:58.142468Z,11.033
"Các fan đã biết trưa nay ăn gì chưa ? ! Chốt_đơn ngay Wada Bento tươi ngon chuẩn Nhật độc_quyền tại Circle_K Với nguyên_liệu tươi mới mỗi ngày cùng công_thức độc_quyền , đảm_bảo thử một lần mê quên lối về . Menu mới vô_cùng hấp_dẫn mlem mlem : Cơm đùi gà nướng sốt Sanzoku Cơm thịt heo Purukogi Mì xào thịt heo Sản_phẩm có_mặt tại Circle_K tại một_số cửa_hàng ở TP. HCM. Xem danh_sách cửa_hàng : Nhanh chân đáp đến Circle_K ngay để thưởng_thức nhanh nha ! Trải nghiệm ngay sự “ ổn app ” chỉ có tại app thành_viên CK Club với lối sống “ Very tiện , Very_lợi ” đi bạn ơiii !",18,quang_ba,1,19,2022-10-13T03:22:46.761707Z,2022-10-13T03:22:46.761707Z,13.463
"Cầm tấm vé trên tay , Mình bay đến Circle_K trải nghiệm ẩm_thực thế_giới Một chiếc mì Ý thơm ngon , cơm thịt heo đậm chất Hàn_Quốc và bánh_xèo độc_đáo của Nhật , liệu có làm_bạn xao_xuyến ? ! Cùng điểm_danh bộ ba món mới vừa hạ_cánh nóng_hổi tại Circle K đây nè . Mì Ý sốt bò bằm Jeyuk cơm thịt heo xào cay Bánh_xèo Nhật_Bản Okonomiyaki Sản_phẩm có bán tại một_số cửa_hàng Circle_K Hà_Nội . Xem danh_sách cửa_hàng : Đến Circle_K ngay để thưởng_thức nha ! ! ! Nhanh tay gia_nhập vũ_trụ “ Very tiện , Very_lợi ” để tận_hưởng những đặc_quyền và hot_deal dành riêng cho bạn nha .",17,quang_ba,1,18,2022-10-13T03:22:32.921731Z,2022-10-13T03:22:32.921731Z,9.115
"QUÀ NGON ĐẾN RỒI , QUÀ NGON ĐẾN RỒI MỜI MEM MỚI CK CLUB XƠI ! Khai mùa Halloween , app thành_viên CK Club tung loạt quà cực đỉnh chiêu_đãi bạn mới . MUA HÓA ĐƠN ĐẦU_TIÊN TỪ 15K TRÊN APP THÀNH_VIÊN CK CLUB , NHẬN NGAY 1 TRONG 8 MÓN QUÀ CỰC PHẨM . Thời_gian áp_dụng : Chỉ từ 06 / 10 02 / 11 / 2022 . Qùa tặng thay_đổi theo từng cửa_hàng . Tải app thành_viên CK Club và đến Circle_K ngay để nhận quà kool ngầu bạn mình eiii ! Một chiếc app mà có hết tất tần_tật mọi thứ để giúp cuộc_sống của bạn trở_nên Very tiện , Very lợi là đây chứ đâu nữa , tải app ngay ! ! !",16,khuyen_mai,1,17,2022-10-13T03:22:23.468069Z,2022-10-13T03:22:23.468069Z,13.145
"NẮNG CHIẾU LUNG_LINH MUÔN HOA VÀNG THÈM BIA QUÁ THÈM BIA QUÁ CHỪI ƯI ! ! ! Bỗng_dưng thèm ngụm bia thơm mát tan trong miệng để “ phiêu ” từng khoảnh_khắc cùng chiến_hữu . Vừa hay Circle K tháng 10 này cũng có ĐẠI_HỘI BIA với những thương_hiệu đậm chất xứng tầm và nhiều khuyến_mãi cháy quá cháy nè . Thời_gian đại_hội_diễn ra : từ 06 / 10 / 2022 – 02 / 11 / 2022 . Cần có bia trên tay , đến ngay Circle_K ! ! ! Đường vào vũ_trụ “ Very tiện , Very_lợi ” luôn rộng_mở chào_đón các bạn gia_nhập . Nhấn vào link dưới này nè người ơi !",15,khuyen_mai,1,16,2022-10-13T03:22:09.979686Z,2022-10-13T03:22:09.979686Z,7.87
"Bạn đã chuẩn_bị gì cho đại_tiệc Halloween kỳ_bí năm nay chưa ? ! Khám_phá ngay quầy kẹo ma_ám tại Circle_K với đầy_đủ mùi_vị mới_lạ và hấp_dẫn . Đại_tiệc Halloween năm nay lại còn có loạt nước uống bao chất và siêu phẩm_hóa trang cực ngầu . Đến Circle_K rinh ngay để có một mùa Halloween dzui dzẻ nghen ! Sản_phẩm có bán ở hầu_hết các cửa_hàng Circle_K trên toàn_quốc . Ú òa , một chiếc app giúp cuộc_sống của bạn trở_nên Very tiện , Very lợi là đây chứ đâu nữa , tải app ngay ! ! !",14,quang_ba,1,15,2022-10-13T03:22:01.745823Z,2022-10-13T03:22:01.745823Z,35.175
"Qùa xinh_xắn , kéo mood ngày dâu Bé dâu lại tới thăm làm tâm_trạng hổng có thích thích , thương thương gì hết . Để Circle_K cưng một nửa thế_giới xíu nha . Tặng ngay 1 ly thủy_tinh Sensi khi mua 3 gói BVS Diana Sensi siêu mỏng cánh 23cm ( 8 miếng ) . Khuyến_mãi áp_dụng tại các cửa_hàng Circle_K trên toàn_quốc từ ngày 06.10.2022 02.11.2022 . Tới Circle_K để enjoy cái moment này ngay nha ! ! ! Đường vào vũ_trụ “ Very tiện , Very_lợi ” luôn rộng_mở chào_đón các bạn gia_nhập . Nhấn vào link dưới này nè người ơi !",13,khuyen_mai,1,14,2022-10-13T03:21:26.229917Z,2022-10-13T03:21:26.229917Z,18.323
"Lưu_số em Circle K đi , Khi nào cần ăn sáng là nhớ đến món súp hải_sản liền nhen ! Buổi sáng se lạnh hôm_nay mà có một hộp súp nóng_hổi với topping hải_sản tươi ngon như này thật là hết lước chấm luôn cả nhà ei . Đến Circle_K để măm măm ngay nha ! ! ! Sản_phẩm có bán tại một_số cửa_hàng Circle_K miền Nam . Xem danh_sách cửa_hàng : Nhanh tay gia_nhập vũ_trụ “ Very tiện , Very_lợi ” để tận_hưởng những đặc_quyền và hot_deal dành riêng cho bạn nha .",12,quang_ba,1,13,2022-10-13T03:21:07.568586Z,2022-10-13T03:21:07.568586Z,8.252
"Món mới cho tháng mới thật cool và thật cuốn U là trời , Circle_K úm ba_la ra một phát hàng_loạt sản_phẩm mới cho các fan đây nè . Đỉnh hông ? Đỉnh hông ? Từ đa_dạng đồ ăn , thức uống đến các món làm_đẹp , chắc_chắn đem tới nhiều trải nghiệm "" thú dị "" khác nhau luôn nha . Sản_phẩm có bán tại các cửa_hàng Circle_K trên toàn_quốc . Đến Circle_K để chốt đơn liền các fan nha ! ! ! Đường vào vũ_trụ “ Very tiện , Very_lợi ” luôn rộng_mở chào_đón các bạn gia_nhập . Nhấn vào link dưới này nè người ơi !",11,quang_ba,1,12,2022-10-13T03:20:58.979593Z,2022-10-13T03:20:58.979593Z,17.107
"Ú òa mình là Circle_K mới_đây team quận 8 ơi ! Vô_vàn ưu_đãi u_mê đang chờ đây nò . Địa_chỉ : 264 – 266 Âu Dương_Lân , Phường 3 , Quận 8 , TP. HCM. Nhận ngay túi quà TRỊ_GIÁ 100K với mỗi hóa_đơn mua hàng từ 100K trở lên DUY_NHẤT vào ngày 07 / 10 / 2022 . * Số_lượng quà tặng có giới_hạn . Lên kèo ghé Circle_K ngay đê . Đường vào vũ_trụ “ Very tiện , Very_lợi ” luôn rộng_mở chào_đón các bạn gia_nhập . Nhấn vào link dưới này nè người ơi !",10,khuyen_mai,1,11,2022-10-13T03:20:41.520220Z,2022-10-13T03:20:41.521215Z,8.559
"Đưa tay đây nào , cùng tải app thành_viên CK Club bạn nhé Ở đây chúng_tôi có : Qùa ngập trời chiêu_đãi bạn mới . Tích tem hết_mình , nhận quà hết_hồn . Cực nhiều ưu_đãi chỉ dành cho thành_viên . Game xịn cho hội game thủ chiến hết công_suất . Đặc_quyền mê_ly cho hội thành_viên vàng . Bí kíp cho lối sống “ Very tiện , Very_lợi ” là đây chứ đâu . Tải nhanh app thành_viên CK Club đi bạn mình ơiii ! ! ! Vô_vàn tiện_ích và đặc_quyền Very tiện , Very lợi chỉ có tại app thành_viên CK Club đang chờ đón bạn . Click ngay vào link dưới đây :",9,quang_ba,1,10,2022-10-13T03:20:32.607314Z,2022-10-13T03:20:32.607314Z,12.339
"MÁT LẠNH TƯƠI XANH , THẢNH_THƠI TÂM_TRẠNG ! ! ! Các fan ơi lễ_hội trà tại Circle_K đã đi đến tuần cuối_cùng rồi . Với các khuyến_mãi "" MUA 2 TẶNG 1 "" hoặc "" GIẢM 50 % KHI MUA SẢN_PHẨM THỨ 2 BẤT_KỲ "" , nhà K mình tha_hồ mà ngập trong tươi xanh , tinh_thần thư_thái , dzui dzẻ hổng quạo nà . Thời_gian lễ_hội_diễn ra : đến hết 05 / 10 / 2022 . Tranh_thủ đang có khuyến_mãi , tới Circle_K rinh về ngay nhen ! ! ! Đường vào vũ_trụ “ Very tiện , Very_lợi ” luôn rộng_mở chào_đón các bạn gia_nhập . Nhấn vào link dưới này nè người ơi !",8,khuyen_mai,1,9,2022-10-13T03:20:19.935583Z,2022-10-13T03:20:19.935583Z,13.249
"Cuối tháng rộn_ràng đón nhà mới Circle K Nhận ngay túi quà TRỊ_GIÁ 100K với mỗi hóa_đơn mua hàng từ 100K trở lên DUY_NHẤT vào ngày 30 / 9 / 2022 . * Số_lượng quà tặng có giới_hạn và thay_đổi theo từng cửa_hàng . Hà_Nội_Địa_chỉ : SH09 S1 . 05 Vinhome Smart City , Nam Từ Liêm , Hà_Nội . Cần_Thơ Địa_chỉ : 80C Trần_Chiên , Phường Lê_Bình , Cái_Răng , Cần_Thơ . Hàng_loạt quà tặng cùng ưu_đãi ngọt_ngào đang chờ kia kìa . Ghé Circle_K ngay đi nha bạn uiii . Nhanh tay gia_nhập vũ_trụ “ Very tiện , Very_lợi ” để tận_hưởng những đặc_quyền và hot_deal dành riêng cho bạn nha .",7,khai_truong,1,8,2022-10-13T03:20:06.348208Z,2022-10-13T03:20:06.348208Z,10.218
"Tháng 9 nối_tiếp niềm vui Hà_Nội đón_tiếp cửa_hàng Circle_K mới_đây nha ! ! ! Địa_chỉ : 49 + 51 Trần_Quang_Diệu , Quận Đống_Đa , Hà_Nội Nhận ngay túi quà TRỊ_GIÁ 100K với mỗi hóa_đơn mua hàng từ 100K trở lên DUY_NHẤT vào ngày 19 / 9 / 2022 . * Số_lượng quà tặng có giới_hạn . Đừng chần_chờ chi , đến Circle_K ngay đi ! Hãy nhanh tay tải app thành_viên CK Club để là một tín_đồ sành_sỏi mọi bí kíp cho cuộc_sống Very tiện , Very lợi thời 4.0 nha , link đây :",3,khai_truong,1,7,2022-10-13T03:16:54.552323Z,2022-10-13T03:17:02.522298Z,14.846
"Lần đầu trải nghiệm app thành_viên CK Club và cái kết Very tiện , Very lợi ! Một chiếc app không phải "" app lực "" mà ngược_lại rất "" ổn app "" dành riêng cho fans cứng của Circle K. Xem video để khám_phá ngay ! Thì_ra mùa xuân hoa nở Là vì trở_thành member CK Club Chào_mừng bạn đến với vũ_trụ đặc_quyền Very tiện , Very lợi và chuỗi ưu_đãi có 1 0 2 , bạn đã sẵn_sàng để phiêu nhịp sống cùng chưa nè ? Tải app thành_viên CK Club ngay ! ! !",1,quang_ba,1,6,2022-10-13T03:16:42.492757Z,2022-10-13T03:16:42.492757Z,4.09
"Hiii , Hải_Phòng ơi bao_nhiêu lâu chưa gặp Circle_K ? ! Rộn_ràng đón nhà mới tại Hải_Phòng với siêu nhiều chương_trình ưu_đãi hấp_dẫn nha các fan ơi ! Địa_chỉ : 93 Lương Khánh_Thiện , Ngô_Quyền , Hải_Phòng Nhận ngay túi quà TRỊ_GIÁ 100K với mỗi hóa_đơn mua hàng từ 100K trở lên DUY_NHẤT vào ngày 29 / 9 / 2022 . * Số_lượng quà tặng có giới_hạn . Lưu lại lịch để hò_hẹn ngay tại cửa_hàng Circle_K mới nha ! Hãy nhanh tay tải app thành_viên CK Club để là một tín_đồ sành_sỏi mọi bí kíp cho cuộc_sống Very tiện , Very lợi thời 4.0 nha , link đây :",6,khai_truong,1,2,2022-10-13T03:14:43.281825Z,2022-10-13T03:16:36.014666Z,20.818
"Hello Hà_Nội , lại là Circle_K nè Chào_đón cửa_hàng mới_tinh nha cả nhà ơi ! Địa_chỉ : 01,02 SH06 S2 . 11 Vinhome Ocean_Park , Gia_Lâm , Hà_Nội Nhận ngay túi quà TRỊ_GIÁ 100K với mỗi hóa_đơn mua hàng từ 100K trở lên DUY_NHẤT vào ngày 23 / 9 / 2022 . * Số_lượng quà tặng có giới_hạn . Hàng_loạt chương_trình khuyến_mãi hấp_dẫn cùng quà tặng độc_đáo đang chờ bạn ghé chơi . Đi Circle_K ngay đi nò ! ! ! Hãy nhanh tay tải app thành_viên CK Club để là một tín_đồ sành_sỏi mọi bí kíp cho cuộc_sống Very tiện , Very lợi thời 4.0 nha , link đây :",5,khai_truong,1,5,2022-10-13T03:15:32.765623Z,2022-10-13T03:15:32.765623Z,8.959
"BÙNG_NỔ CÙNG FANTA NHO SĂN NGAY QUÀ TO HẤP_DẪN TRÚNG 100 % Tận_hưởng ngay hương_vị bùng_nổ của Fanta_Nho cùng nhiều phần quà cực chất dành tặng bạn nhooooo … Mua 2 lon Fanta_Nho ( 320ml ) nhận ngay 1 lượt game trên app thành_viên CK Club . Thời_gian áp_dụng : 19 / 9 / 2022 – 10 / 10 / 2022 Qùa tặng : 2 giải nhất : Tai_nghe Bluetooth Samsung Galaxy_Buds Pro 150 giải nhì : Balo Fanta Nho siêu “ kute ” 3,600 giải ba : Lon Fanta_Nho ( 320ml ) Hàng ngàn giải khuyến_khích : E voucher Circle K trị_giá 10.000 Đ Tham_gia ngay với 4 bước : Bước 1 : Đến Circle_K , mua 2 lon Fanta_Nho ( 320ml ) Bước 2 : Bật app thành_viên CK Club , đưa mã QR cho nhân_viên Bước 3 : Sau khi hoàn_tất thanh_toán , app sẽ tự_động cập_nhật 1 lượt chơi game Bước 4 : Vào trang "" Ưu_đãi "" , tìm game "" BÙNG_NỔ CÙNG FANTA NHO – SĂN NGAY QUÀ TO HẤP_DẪN "" và chơi ngay Thỏa_sức thử vận may và nhận quà cực_kì_thú_vị nhé bạn ơi ! Vô_vàn tiện_ích và đặc_quyền Very tiện , Very lợi chỉ có tại app thành_viên CK Club đang chờ đón bạn . Click ngay vào link dưới đây :",4,khuyen_mai,1,4,2022-10-13T03:15:21.357325Z,2022-10-13T03:15:21.357325Z,7.371
"Ưu_đãi cực ngọt_ngào MUA KOTEX TẶNG KEM TOP_TEN Mùa dâu tới vừa nóng_nực lại thèm ngọt . Để đó Kotex lo chị_em ơi ! ! ! Tặng 1 kem Top_Ten bất_kỳ khi mua 2 gói BVS Kotex Gardenia Deo + anh_đào 23cm ( 8pcs ) , quá đã luônnn ! Khuyến_mãi áp_dụng tại các cửa_hàng Circle_K trên toàn_quốc từ ngày 01.9.2022 05.10.2022 . Làm gì có ai iu các nàng như vậy ! Đến Circle_K ngay nha ! Đường vào vũ_trụ “ Very tiện , Very_lợi ” luôn rộng_mở chào_đón các bạn gia_nhập . Nhấn vào link dưới này nè người ơi !",2,khuyen_mai,1,3,2022-10-13T03:15:07.138875Z,2022-10-13T03:15:09.041760Z,11.416
